{"cameraMode":{"drawMode":0,"name":"Shaded","section":"Shading Mode"},"sceneLighting":true,"audioPlay":false,"sceneViewState":{"m_AlwaysRefresh":false,"showFog":true,"showSkybox":false,"showFlares":true,"showImageEffects":true,"showParticleSystems":true,"showVisualEffectGraphs":true,"m_FxEnabled":true},"in2DMode":false,"pivot":{"x":0.0610271692276001,"y":0.3556145429611206,"z":0.6771388053894043},"rotation":{"x":0.14724309742450715,"y":-0.04004707932472229,"z":0.005983652547001839,"w":0.9882990121841431},"size":1.15980064868927,"orthographic":false}