{"cameraMode":{"drawMode":0,"name":"Shaded","section":"Shading Mode"},"sceneLighting":true,"audioPlay":false,"sceneViewState":{"m_AlwaysRefresh":false,"showFog":true,"showSkybox":true,"showFlares":true,"showImageEffects":true,"showParticleSystems":true,"showVisualEffectGraphs":true,"m_FxEnabled":true},"in2DMode":false,"pivot":{"x":-179.89122009277345,"y":3.688608169555664,"z":-5.208522796630859},"rotation":{"x":-0.1863139271736145,"y":0.03152056783437729,"z":-0.005991128273308277,"w":-0.9820094108581543},"size":6.8006510734558109,"orthographic":false}