{"cameraMode":{"drawMode":0,"name":"Shaded","section":"Shading Mode"},"sceneLighting":true,"audioPlay":false,"sceneViewState":{"m_AlwaysRefresh":false,"showFog":true,"showSkybox":true,"showFlares":true,"showImageEffects":true,"showParticleSystems":true,"showVisualEffectGraphs":true,"m_FxEnabled":true},"in2DMode":false,"pivot":{"x":-3.726174831390381,"y":-3.2368812561035158,"z":36.33538818359375},"rotation":{"x":0.15181021392345429,"y":4.78574008866417e-7,"z":0.0000018622181414684747,"w":0.9884158372879028},"size":105.49227142333985,"orthographic":false}