{"cameraMode":{"drawMode":0,"name":"Shaded","section":"Shading Mode"},"sceneLighting":false,"audioPlay":false,"sceneViewState":{"m_AlwaysRefresh":false,"showFog":true,"showSkybox":true,"showFlares":true,"showImageEffects":true,"showParticleSystems":true,"showVisualEffectGraphs":true,"m_FxEnabled":true},"in2DMode":false,"pivot":{"x":-90.94136047363281,"y":26.472471237182618,"z":16.180496215820314},"rotation":{"x":0.21338555216789246,"y":-0.1693139523267746,"z":0.037594858556985858,"w":0.9614810943603516},"size":19.874948501586915,"orthographic":false}